delay_duration,demand_deviation,inventory_buffer,supplier_reliability,transport_risk,fraud_indicator,ground_truth_tier
3,0.3,0.2,0.757,Medium,0,High
15,0.1,0.1,0.724,Medium,0,High
1,0.1,0.4,0.928,Low,0,Low
1,-0.3,0.4,0.906,Low,0,Low
0,-0.3,0.4,0.92,Low,0,Low
10,0.3,0.4,0.58,Low,0,High
15,0.6,0.1,0.612,High,0,Critical
15,0.3,0.1,0.757,Low,0,High
0,-0.1,0.2,0.917,Low,0,Low
10,0.1,0.2,0.689,Low,0,Medium
5,0.6,0.1,0.662,High,0,High
10,0.6,0.1,0.57,Medium,0,Critical
3,0.1,0.1,0.664,High,1,High
15,0.1,0.05,0.623,High,0,High
10,0.3,0.4,0.667,Low,0,Medium
1,0.1,0.2,0.829,Medium,0,Medium
1,0.1,0.1,0.766,Medium,0,Medium
15,0.1,0.4,0.591,High,1,High
1,-0.1,0.1,0.769,Low,0,Medium
15,0.1,0.05,0.583,Low,0,High
10,0.3,0.1,0.623,High,0,Critical
3,0.6,0.1,0.658,High,0,High
5,0.1,0.4,0.729,High,0,High
3,0.1,0.2,0.83,Low,0,Low
15,0.6,0.05,0.516,High,1,Critical
1,-0.1,0.2,0.845,Medium,0,Medium
5,-0.1,0.2,0.671,Medium,0,Medium
10,0.3,0.05,0.617,Medium,0,Critical
10,0.3,0.05,0.49,Medium,0,Critical
10,0.3,0.1,0.468,Medium,0,Critical
10,0.6,0.1,0.784,Low,1,High
3,0.3,0.4,0.887,Medium,0,Medium
15,0.1,0.1,0.782,Low,0,High
15,0.3,0.05,0.567,High,0,Critical
10,0.1,0.1,0.577,Medium,0,High
3,-0.1,0.1,0.728,Medium,0,Medium
5,0.3,0.2,0.683,Medium,0,Medium
3,0.3,0.4,0.861,Low,0,Medium
3,-0.3,0.4,0.814,Low,0,Low
10,-0.1,0.2,0.82,Medium,0,Medium
3,0.1,0.1,0.653,Medium,0,Medium
5,0.3,0.1,0.628,High,0,Critical
10,0.3,0.2,0.851,Medium,0,Medium
10,0.3,0.05,0.464,Medium,0,Critical
3,0.3,0.1,0.721,Medium,0,Medium
3,0.1,0.05,0.732,Medium,0,High
3,0.3,0.05,0.571,Medium,0,High
5,0.3,0.4,0.732,Low,0,Medium
10,0.3,0.4,0.746,Low,0,Medium
0,-0.3,0.2,0.876,Low,0,Low
1,0.3,0.4,0.679,Low,1,Medium
3,-0.3,0.2,0.898,Low,0,Low
3,0.1,0.2,0.709,Low,0,Medium
5,0.3,0.4,0.784,Low,0,Medium
15,0.1,0.05,0.716,Medium,0,High
10,0.1,0.4,0.594,Medium,0,High
5,0.1,0.2,0.608,High,1,High
3,0.6,0.05,0.783,Medium,0,High
5,0.1,0.1,0.804,Low,0,Medium
3,-0.1,0.2,0.664,Low,0,Medium
0,-0.3,0.4,0.939,Low,0,Low
5,-0.1,0.2,0.742,Low,0,Medium
15,0.3,0.05,0.61,High,1,Critical
10,0.6,0.1,0.568,High,1,Critical
5,0.1,0.4,0.662,Low,0,Medium
10,0.1,0.1,0.834,Low,0,Medium
10,0.3,0.1,0.511,Medium,0,Critical
5,0.1,0.4,0.841,Medium,0,Medium
1,0.1,0.2,0.927,Low,0,Low
1,0.1,0.4,0.845,Medium,0,Medium
15,0.6,0.05,0.417,Medium,1,Critical
3,0.6,0.1,0.746,Medium,1,High
0,-0.3,0.2,0.906,Low,0,Low
10,0.3,0.1,0.541,Medium,1,Critical
1,-0.1,0.2,0.91,Low,0,Low
5,0.6,0.1,0.658,Medium,0,Critical
15,0.6,0.1,0.54,Medium,1,Critical
3,0.3,0.1,0.708,Medium,0,Medium
10,0.1,0.4,0.858,Low,1,Medium
15,0.6,0.05,0.533,High,1,Critical
3,0.1,0.2,0.801,Low,0,Low
5,0.6,0.1,0.648,Medium,0,Critical
10,0.3,0.4,0.633,Low,0,High
10,0.1,0.4,0.801,Medium,0,Medium
15,0.3,0.1,0.446,High,0,Critical
5,0.3,0.2,0.554,High,1,High
5,0.3,0.2,0.765,Low,0,Medium
3,0.1,0.05,0.588,High,1,High
3,0.1,0.1,0.724,Medium,0,Medium
3,-0.3,0.4,0.905,Low,0,Low
1,0.1,0.4,0.813,Low,0,Medium
15,0.6,0.1,0.675,High,1,High
3,0.3,0.4,0.585,Low,0,High
10,0.3,0.2,0.721,Low,0,Medium
15,0.6,0.05,0.644,Medium,1,Critical
1,0.3,0.1,0.845,Medium,0,Medium
0,-0.3,0.4,0.9,Low,0,Low
5,0.3,0.4,0.773,High,0,High
5,0.3,0.2,0.784,Medium,0,High
3,0.6,0.1,0.643,Medium,1,High
1,0.3,0.2,0.746,Low,0,Medium
3,0.1,0.4,0.836,Low,0,Low
5,0.6,0.1,0.616,High,0,High
3,0.1,0.4,0.844,Low,0,Medium
15,0.3,0.1,0.698,Medium,1,High
5,-0.1,0.4,0.85,Medium,0,Medium
10,0.3,0.1,0.442,High,1,Critical
5,0.6,0.1,0.46,Medium,1,Critical
10,0.1,0.4,0.556,High,0,High
10,-0.1,0.4,0.869,Medium,0,Medium
5,0.6,0.1,0.691,Medium,0,Critical
5,0.3,0.2,0.599,High,0,High
15,0.6,0.05,0.68,High,0,High
5,0.3,0.4,0.773,Medium,0,Medium
15,0.1,0.05,0.632,Medium,1,High
1,-0.3,0.2,0.806,Low,0,Low
0,-0.1,0.4,0.892,Low,0,Low
10,0.1,0.05,0.593,Medium,0,High
5,-0.1,0.2,0.709,Low,0,Medium
3,-0.1,0.1,0.809,Medium,0,Medium
